-- phpMyAdmin SQL Dump
-- version 5.1.0
-- https://www.phpmyadmin.net/
--
-- Host: 127.0.0.1
-- Generation Time: Jun 20, 2021 at 06:05 AM
-- Server version: 10.4.19-MariaDB
-- PHP Version: 7.3.28

SET SQL_MODE = "NO_AUTO_VALUE_ON_ZERO";
START TRANSACTION;
SET time_zone = "+00:00";


/*!40101 SET @OLD_CHARACTER_SET_CLIENT=@@CHARACTER_SET_CLIENT */;
/*!40101 SET @OLD_CHARACTER_SET_RESULTS=@@CHARACTER_SET_RESULTS */;
/*!40101 SET @OLD_COLLATION_CONNECTION=@@COLLATION_CONNECTION */;
/*!40101 SET NAMES utf8mb4 */;

--
-- Database: `school`
--

-- --------------------------------------------------------

--
-- Table structure for table `admin`
--

CREATE TABLE `admin` (
  `id` int(11) NOT NULL,
  `UserName` varchar(100) DEFAULT NULL,
  `Password` varchar(100) DEFAULT NULL,
  `updationDate` timestamp NULL DEFAULT NULL
) ENGINE=InnoDB DEFAULT CHARSET=latin1;

--
-- Dumping data for table `admin`
--

INSERT INTO `admin` (`id`, `UserName`, `Password`, `updationDate`) VALUES
(1, 'admin', 'f925916e2754e5e03f75dd58a5733251', '2017-05-13 11:18:49');

-- --------------------------------------------------------

--
-- Table structure for table `data`
--

CREATE TABLE `data` (
  `id` int(11) NOT NULL,
  `roll` int(11) NOT NULL
) ENGINE=InnoDB DEFAULT CHARSET=utf8mb4;

-- --------------------------------------------------------

--
-- Table structure for table `notice`
--

CREATE TABLE `notice` (
  `id` int(11) NOT NULL,
  `sub` varchar(255) NOT NULL,
  `note` varchar(255) NOT NULL,
  `date` date NOT NULL DEFAULT current_timestamp()
) ENGINE=InnoDB DEFAULT CHARSET=utf8mb4;

--
-- Dumping data for table `notice`
--

INSERT INTO `notice` (`id`, `sub`, `note`, `date`) VALUES
(6, 'new notice', 'hello there', '2021-05-29');

-- --------------------------------------------------------

--
-- Table structure for table `profile`
--

CREATE TABLE `profile` (
  `id` int(11) NOT NULL,
  `name` varchar(255) NOT NULL,
  `post` varchar(255) NOT NULL
) ENGINE=InnoDB DEFAULT CHARSET=utf8mb4;

--
-- Dumping data for table `profile`
--

INSERT INTO `profile` (`id`, `name`, `post`) VALUES
(4, 'sdfsdf', 'sdsdfsdf'),
(6, 'john cena', 'you cant see mee');

-- --------------------------------------------------------

--
-- Table structure for table `rec`
--

CREATE TABLE `rec` (
  `id` int(50) NOT NULL,
  `name` varchar(40) NOT NULL,
  `gender` varchar(30) NOT NULL,
  `mother` varchar(30) NOT NULL,
  `aadhar` int(18) NOT NULL,
  `dob` date NOT NULL,
  `place` varchar(43) NOT NULL,
  `toungue` varchar(40) NOT NULL,
  `cast` varchar(50) NOT NULL,
  `address` varchar(40) NOT NULL,
  `number` int(10) NOT NULL,
  `mothernum` int(10) NOT NULL,
  `guardian` int(10) NOT NULL,
  `sought` varchar(10) NOT NULL,
  `school` varchar(50) NOT NULL
) ENGINE=InnoDB DEFAULT CHARSET=utf8mb4;

--
-- Dumping data for table `rec`
--

INSERT INTO `rec` (`id`, `name`, `gender`, `mother`, `aadhar`, `dob`, `place`, `toungue`, `cast`, `address`, `number`, `mothernum`, `guardian`, `sought`, `school`) VALUES
(1, 'asdasdas', 'Male', 'wrwefwe', 2147483647, '2021-05-26', 'sdgsdggsdg', 'gsdg', '', '', 0, 0, 0, '', ''),
(2, 'asdasdas', 'Male', 'wrwefwe', 2147483647, '2021-05-26', 'sdgsdggsdg', 'gsdg', '', 'ddsgsd', 0, 0, 0, '', ''),
(3, 'Shubham Mankar', 'Male', 'jbj', 0, '0000-00-00', '', '', '', '', 0, 0, 0, '', ''),
(4, 'yash', 'Male', 'gseg', 0, '0000-00-00', '', '', '', '', 0, 0, 0, '', ''),
(5, 'yash', 'Male', 'gseg', 0, '0000-00-00', '', '', '', '', 0, 0, 0, '', ''),
(6, 'qqqq', 'Male', 'dgsdg', 0, '0000-00-00', '', '', '', '', 0, 0, 0, '', ''),
(7, 'Shubham Mankar', 'Male', 'sdgdsgsd', 5645, '0000-00-00', '', '', '', '', 0, 0, 0, '', ''),
(8, 'Shubham Mankar', 'Male', 'kk', 45464, '2021-06-19', '4', '', '', '', 0, 0, 0, '', ''),
(9, 'Shubham Mankar', 'Male', 'sdgdsgsd', 0, '0000-00-00', 'sdgsdggsdg', '', '', '', 0, 0, 0, '', '');

-- --------------------------------------------------------

--
-- Table structure for table `record`
--

CREATE TABLE `record` (
  `sub` varchar(40) NOT NULL,
  `des` varchar(30) NOT NULL
) ENGINE=InnoDB DEFAULT CHARSET=utf8mb4;

-- --------------------------------------------------------

--
-- Table structure for table `tblclasses`
--

CREATE TABLE `tblclasses` (
  `id` int(11) NOT NULL,
  `ClassName` varchar(80) DEFAULT NULL,
  `ClassNameNumeric` int(4) DEFAULT NULL,
  `Section` varchar(5) DEFAULT NULL,
  `CreationDate` timestamp NULL DEFAULT current_timestamp(),
  `UpdationDate` timestamp NULL DEFAULT NULL
) ENGINE=InnoDB DEFAULT CHARSET=latin1;

--
-- Dumping data for table `tblclasses`
--

INSERT INTO `tblclasses` (`id`, `ClassName`, `ClassNameNumeric`, `Section`, `CreationDate`, `UpdationDate`) VALUES
(1, 'First', 1, 'C', '2017-06-06 16:52:33', '2017-06-07 05:53:47'),
(2, 'Second', 2, 'A', '2017-06-06 17:21:20', '2017-06-06 17:21:38'),
(4, 'Fourth', 4, 'C', '2017-06-07 09:20:23', '0000-00-00 00:00:00'),
(5, 'Sixth', 6, 'A', '2017-06-07 09:35:08', '0000-00-00 00:00:00'),
(6, 'Sixth', 6, 'B', '2017-08-28 18:42:41', '2017-08-28 18:43:02'),
(7, 'Seventh', 7, 'B', '2017-08-28 18:52:00', '2017-08-28 18:52:15'),
(8, 'Eight', 8, 'A', '2017-08-28 19:21:05', '2017-08-28 19:21:24');

-- --------------------------------------------------------

--
-- Table structure for table `tblresult`
--

CREATE TABLE `tblresult` (
  `id` int(11) NOT NULL,
  `StudentId` int(11) DEFAULT NULL,
  `ClassId` int(11) DEFAULT NULL,
  `SubjectId` int(11) DEFAULT NULL,
  `marks` int(11) DEFAULT NULL,
  `PostingDate` timestamp NULL DEFAULT current_timestamp(),
  `UpdationDate` timestamp NULL DEFAULT NULL
) ENGINE=InnoDB DEFAULT CHARSET=latin1;

--
-- Dumping data for table `tblresult`
--

INSERT INTO `tblresult` (`id`, `StudentId`, `ClassId`, `SubjectId`, `marks`, `PostingDate`, `UpdationDate`) VALUES
(2, 1, 1, 2, 100, '2017-08-24 17:54:09', '2017-08-28 18:34:32'),
(3, 1, 1, 1, 80, '2017-08-24 17:54:09', '2017-08-28 18:34:25'),
(4, 1, 1, 5, 78, '2017-08-24 17:54:09', '2017-08-28 18:34:26'),
(5, 1, 1, 4, 60, '2017-08-24 17:54:09', '2017-08-28 18:34:26'),
(6, 2, 4, 2, 90, '2017-08-28 18:38:18', NULL),
(7, 2, 4, 1, 75, '2017-08-28 18:38:18', NULL),
(8, 2, 4, 5, 56, '2017-08-28 18:38:18', '2017-08-28 19:26:42'),
(9, 2, 4, 4, 80, '2017-08-28 18:38:18', '2017-08-28 19:26:42'),
(10, 4, 7, 2, 54, '2017-08-28 18:56:21', '2017-08-28 19:03:10'),
(11, 4, 7, 1, 85, '2017-08-28 18:56:21', NULL),
(12, 4, 7, 5, 55, '2017-08-28 18:56:21', '2017-08-28 19:03:10'),
(13, 4, 7, 7, 65, '2017-08-28 18:56:21', '2017-08-28 19:03:10'),
(14, 5, 8, 2, 75, '2017-08-28 19:25:07', NULL),
(15, 5, 8, 1, 56, '2017-08-28 19:25:07', NULL),
(16, 5, 8, 5, 52, '2017-08-28 19:25:07', NULL),
(17, 5, 8, 4, 80, '2017-08-28 19:25:07', NULL);

-- --------------------------------------------------------

--
-- Table structure for table `tblstudents`
--

CREATE TABLE `tblstudents` (
  `StudentId` int(11) NOT NULL,
  `StudentName` varchar(100) DEFAULT NULL,
  `RollId` varchar(100) DEFAULT NULL,
  `StudentEmail` varchar(100) DEFAULT NULL,
  `Gender` varchar(10) DEFAULT NULL,
  `DOB` varchar(100) DEFAULT NULL,
  `ClassId` int(11) DEFAULT NULL,
  `RegDate` timestamp NULL DEFAULT current_timestamp(),
  `UpdationDate` timestamp NULL DEFAULT NULL,
  `Status` int(1) DEFAULT NULL
) ENGINE=InnoDB DEFAULT CHARSET=latin1;

--
-- Dumping data for table `tblstudents`
--

INSERT INTO `tblstudents` (`StudentId`, `StudentName`, `RollId`, `StudentEmail`, `Gender`, `DOB`, `ClassId`, `RegDate`, `UpdationDate`, `Status`) VALUES
(1, 'Sarita', '46456', 'info@phpgurukul.com', 'Female', '1995-03-03', 1, '2017-06-12 10:30:57', '2017-08-26 04:36:37', 1),
(2, 'Anuj kumar', '10861', 'anuj@gmail.co', 'Male', '1995-02-02', 4, '2017-08-19 19:18:28', '2017-08-26 04:59:17', 0),
(3, 'amit kumar', '2626', 'amit@gmail.com', 'Male', '2014-08-06', 6, '2017-08-28 18:45:31', '2017-08-28 18:46:02', 1),
(4, 'rahul kumar', '990', 'rahul01@gmail.com', 'Male', '2001-02-03', 7, '2017-08-28 18:54:58', '2017-08-28 18:55:20', 1),
(5, 'sanjeev singh', '122', 'sanjeev01@gmail.com', 'Male', '2002-02-03', 8, '2017-08-28 19:23:53', '2017-08-28 19:24:15', 1);

-- --------------------------------------------------------

--
-- Table structure for table `tblsubjectcombination`
--

CREATE TABLE `tblsubjectcombination` (
  `id` int(11) NOT NULL,
  `ClassId` int(11) DEFAULT NULL,
  `SubjectId` int(11) DEFAULT NULL,
  `status` int(1) DEFAULT NULL,
  `CreationDate` timestamp NULL DEFAULT current_timestamp(),
  `Updationdate` timestamp NULL DEFAULT NULL ON UPDATE current_timestamp()
) ENGINE=InnoDB DEFAULT CHARSET=latin1;

--
-- Dumping data for table `tblsubjectcombination`
--

INSERT INTO `tblsubjectcombination` (`id`, `ClassId`, `SubjectId`, `status`, `CreationDate`, `Updationdate`) VALUES
(3, 2, 5, 1, '2017-06-07 11:16:56', '2017-06-07 11:16:56'),
(4, 1, 2, 1, '2017-06-12 06:46:32', '2017-06-12 06:46:32'),
(5, 1, 4, 1, '2017-06-12 06:46:35', '2017-06-12 06:46:35'),
(6, 1, 5, 1, '2017-06-12 06:46:40', '2017-06-12 06:46:40'),
(8, 4, 4, 1, '2017-08-26 03:21:27', '2017-08-26 03:21:27'),
(10, 4, 1, 1, '2017-08-26 03:22:05', '2017-08-26 03:22:05'),
(12, 4, 2, 1, '2017-08-26 03:22:15', '2017-08-26 03:22:15'),
(13, 4, 5, 1, '2017-08-26 03:22:20', '2017-08-26 03:22:20'),
(14, 6, 1, 1, '2017-08-28 18:44:06', '2017-08-28 18:44:06'),
(15, 6, 2, 1, '2017-08-28 18:44:12', '2017-08-28 18:44:12'),
(16, 6, 4, 1, '2017-08-28 18:44:18', '2017-08-28 18:44:18'),
(17, 6, 6, 1, '2017-08-28 18:44:23', '2017-08-28 18:44:23'),
(18, 7, 1, 1, '2017-08-28 18:53:12', '2017-08-28 18:53:12'),
(19, 7, 7, 1, '2017-08-28 18:53:19', '2017-08-28 18:53:19'),
(20, 7, 2, 1, '2017-08-28 18:53:38', '2017-08-28 18:53:38'),
(21, 7, 6, 1, '2017-08-28 18:53:44', '2017-08-28 18:53:44'),
(22, 7, 5, 0, '2017-08-28 18:53:50', '2017-08-28 18:53:50'),
(23, 8, 1, 1, '2017-08-28 19:22:25', '2017-08-28 19:22:25'),
(24, 8, 2, 1, '2017-08-28 19:22:31', '2017-08-28 19:22:31'),
(25, 8, 4, 1, '2017-08-28 19:22:36', '2017-08-28 19:22:36'),
(26, 8, 6, 1, '2017-08-28 19:22:42', '2017-08-28 19:22:42'),
(27, 8, 5, 0, '2017-08-28 19:22:47', '2017-08-28 19:22:47');

-- --------------------------------------------------------

--
-- Table structure for table `tblsubjects`
--

CREATE TABLE `tblsubjects` (
  `id` int(11) NOT NULL,
  `SubjectName` varchar(100) NOT NULL,
  `SubjectCode` varchar(100) DEFAULT NULL,
  `Creationdate` timestamp NULL DEFAULT current_timestamp(),
  `UpdationDate` timestamp NULL DEFAULT NULL
) ENGINE=InnoDB DEFAULT CHARSET=latin1;

--
-- Dumping data for table `tblsubjects`
--

INSERT INTO `tblsubjects` (`id`, `SubjectName`, `SubjectCode`, `Creationdate`, `UpdationDate`) VALUES
(1, 'Maths', 'MTH01', '2017-06-07 09:23:57', '2017-06-07 09:46:54'),
(2, 'English', 'ENG11', '2017-06-07 09:24:25', '0000-00-00 00:00:00'),
(4, 'Science', 'SC1', '2017-06-07 09:36:15', '0000-00-00 00:00:00'),
(5, 'Music', 'MS', '2017-06-07 09:36:23', '0000-00-00 00:00:00'),
(6, 'Social Studies', 'SS08', '2017-08-28 18:43:29', '2017-08-28 18:43:45'),
(7, 'Physics', 'PH03', '2017-08-28 18:52:41', '2017-08-28 18:52:55'),
(8, 'Chemistry', 'CH65', '2017-08-28 19:21:46', '2017-08-28 19:22:14');

-- --------------------------------------------------------

--
-- Table structure for table `user`
--

CREATE TABLE `user` (
  `id` int(11) NOT NULL,
  `fname` varchar(255) DEFAULT NULL,
  `Iname` varchar(255) DEFAULT NULL,
  `username` varchar(300) DEFAULT NULL,
  `email` varchar(300) DEFAULT NULL,
  `password` varchar(300) DEFAULT NULL,
  `date` date DEFAULT NULL
) ENGINE=InnoDB DEFAULT CHARSET=utf8mb4;

-- --------------------------------------------------------

--
-- Table structure for table `users`
--

CREATE TABLE `users` (
  `id` int(11) NOT NULL,
  `username` varchar(50) NOT NULL,
  `password` varchar(255) NOT NULL,
  `created_at` datetime NOT NULL DEFAULT current_timestamp()
) ENGINE=InnoDB DEFAULT CHARSET=utf8mb4;

--
-- Dumping data for table `users`
--

INSERT INTO `users` (`id`, `username`, `password`, `created_at`) VALUES
(1, 'shub0327', '$2y$10$yRUO/4gXFg3KV9fNTlA7auN4x9BrbiNcNt6QGpyAP51FG/dGOV4MG', '2021-05-15 15:44:30'),
(2, 'qwerty', '$2y$10$w5N0B1Q5FVS/3/.ULs82sOejRDbLFgQkWj7.EnIfmcFDw/JxsVj0i', '2021-05-15 22:34:40'),
(3, 'hello', '$2y$10$mmLT04WTskouI3Mz.AyH/O6FJapbzFOe1N4qugqSKY8NTKPyyMWbC', '2021-05-16 12:05:28'),
(4, 'yash123', '$2y$10$aU3yzpVowuUpENLlyqJ9qeUfweIMoncx6/o1KkG5Rr3jjJP/oUVhG', '2021-05-17 14:52:11'),
(5, 'shubham', '$2y$10$JNzMI7DDZB/Dbp3oXJiq6.Cyyk2UjtDSqPsmxcfvhyYbWe2bsimlq', '2021-05-21 22:58:35');

--
-- Indexes for dumped tables
--

--
-- Indexes for table `admin`
--
ALTER TABLE `admin`
  ADD PRIMARY KEY (`id`);

--
-- Indexes for table `data`
--
ALTER TABLE `data`
  ADD PRIMARY KEY (`id`);

--
-- Indexes for table `notice`
--
ALTER TABLE `notice`
  ADD PRIMARY KEY (`id`);

--
-- Indexes for table `profile`
--
ALTER TABLE `profile`
  ADD PRIMARY KEY (`id`);

--
-- Indexes for table `rec`
--
ALTER TABLE `rec`
  ADD PRIMARY KEY (`id`);

--
-- Indexes for table `tblclasses`
--
ALTER TABLE `tblclasses`
  ADD PRIMARY KEY (`id`);

--
-- Indexes for table `tblresult`
--
ALTER TABLE `tblresult`
  ADD PRIMARY KEY (`id`);

--
-- Indexes for table `tblstudents`
--
ALTER TABLE `tblstudents`
  ADD PRIMARY KEY (`StudentId`);

--
-- Indexes for table `tblsubjectcombination`
--
ALTER TABLE `tblsubjectcombination`
  ADD PRIMARY KEY (`id`);

--
-- Indexes for table `tblsubjects`
--
ALTER TABLE `tblsubjects`
  ADD PRIMARY KEY (`id`);

--
-- Indexes for table `user`
--
ALTER TABLE `user`
  ADD PRIMARY KEY (`id`);

--
-- Indexes for table `users`
--
ALTER TABLE `users`
  ADD PRIMARY KEY (`id`);

--
-- AUTO_INCREMENT for dumped tables
--

--
-- AUTO_INCREMENT for table `admin`
--
ALTER TABLE `admin`
  MODIFY `id` int(11) NOT NULL AUTO_INCREMENT, AUTO_INCREMENT=2;

--
-- AUTO_INCREMENT for table `data`
--
ALTER TABLE `data`
  MODIFY `id` int(11) NOT NULL AUTO_INCREMENT;

--
-- AUTO_INCREMENT for table `notice`
--
ALTER TABLE `notice`
  MODIFY `id` int(11) NOT NULL AUTO_INCREMENT, AUTO_INCREMENT=7;

--
-- AUTO_INCREMENT for table `profile`
--
ALTER TABLE `profile`
  MODIFY `id` int(11) NOT NULL AUTO_INCREMENT, AUTO_INCREMENT=7;

--
-- AUTO_INCREMENT for table `rec`
--
ALTER TABLE `rec`
  MODIFY `id` int(50) NOT NULL AUTO_INCREMENT, AUTO_INCREMENT=10;

--
-- AUTO_INCREMENT for table `tblclasses`
--
ALTER TABLE `tblclasses`
  MODIFY `id` int(11) NOT NULL AUTO_INCREMENT, AUTO_INCREMENT=9;

--
-- AUTO_INCREMENT for table `tblresult`
--
ALTER TABLE `tblresult`
  MODIFY `id` int(11) NOT NULL AUTO_INCREMENT, AUTO_INCREMENT=18;

--
-- AUTO_INCREMENT for table `tblstudents`
--
ALTER TABLE `tblstudents`
  MODIFY `StudentId` int(11) NOT NULL AUTO_INCREMENT, AUTO_INCREMENT=6;

--
-- AUTO_INCREMENT for table `tblsubjectcombination`
--
ALTER TABLE `tblsubjectcombination`
  MODIFY `id` int(11) NOT NULL AUTO_INCREMENT, AUTO_INCREMENT=28;

--
-- AUTO_INCREMENT for table `tblsubjects`
--
ALTER TABLE `tblsubjects`
  MODIFY `id` int(11) NOT NULL AUTO_INCREMENT, AUTO_INCREMENT=9;

--
-- AUTO_INCREMENT for table `user`
--
ALTER TABLE `user`
  MODIFY `id` int(11) NOT NULL AUTO_INCREMENT;

--
-- AUTO_INCREMENT for table `users`
--
ALTER TABLE `users`
  MODIFY `id` int(11) NOT NULL AUTO_INCREMENT, AUTO_INCREMENT=6;
COMMIT;

/*!40101 SET CHARACTER_SET_CLIENT=@OLD_CHARACTER_SET_CLIENT */;
/*!40101 SET CHARACTER_SET_RESULTS=@OLD_CHARACTER_SET_RESULTS */;
/*!40101 SET COLLATION_CONNECTION=@OLD_COLLATION_CONNECTION */;
